"","sc_1","sc_2","sc_3","sc_4","sc_5","sc_6","sc_7","sc_8","sc_9","sc_10","sc_11","sc_12","sc_13","sc_14","sc_15","sc_16","sc_17","sc_18","sc_19","sc_20","sc_21","sc_22","sc_23","sc_24","sc_25","sc_26","sc_27","sc_28","sc_29","sc_30","sc_31","sc_32","sc_33"
"1_75190429",NA,0,NA,NA,NA,NA,0,NA,NA,NA,NA,NA,32,0,NA,0,NA,0,NA,NA,NA,NA,NA,NA,NA,NA,NA,NA,NA,NA,NA,NA,NA
"1_161094097",NA,NA,NA,NA,NA,NA,NA,NA,NA,NA,NA,NA,NA,0,NA,0,NA,NA,0,0,NA,NA,NA,NA,NA,NA,NA,1,NA,NA,NA,NA,NA
"1_161495788",NA,NA,0,NA,NA,0,NA,0,0,0,0,NA,NA,NA,0,0,0,0,0,NA,NA,NA,NA,NA,0,NA,NA,NA,NA,NA,NA,NA,NA
"1_186342575",NA,0,0,NA,8,0,NA,27,0,0,NA,0,NA,NA,0,NA,NA,0,3,0,0,NA,NA,NA,NA,NA,NA,NA,NA,NA,NA,NA,NA
"2_33813485",NA,0,0,NA,NA,NA,8,NA,NA,NA,0,NA,NA,NA,0,NA,0,NA,NA,NA,NA,NA,NA,NA,NA,NA,NA,NA,NA,NA,NA,NA,NA
"2_96525640",NA,NA,NA,0,NA,NA,NA,NA,NA,0,NA,NA,0,NA,NA,NA,NA,NA,0,NA,NA,0,NA,0,NA,NA,NA,0,NA,0,NA,NA,NA
"2_96525652",NA,NA,NA,0,NA,NA,NA,NA,NA,0,NA,NA,0,NA,NA,NA,NA,NA,0,NA,NA,0,NA,0,NA,NA,NA,0,NA,0,NA,NA,NA
"2_138759697",NA,NA,NA,NA,NA,8,NA,NA,17,NA,0,NA,33,NA,8,NA,NA,NA,0,NA,NA,NA,NA,NA,NA,NA,NA,NA,NA,NA,NA,NA,NA
"3_101295507",0,NA,NA,1,NA,NA,1,NA,NA,0,NA,NA,NA,NA,0,0,NA,NA,2,NA,NA,NA,NA,0,0,NA,NA,NA,0,NA,NA,NA,NA
"3_101295643",0,NA,NA,0,NA,NA,NA,NA,NA,0,NA,NA,NA,NA,0,0,NA,NA,0,NA,NA,NA,NA,0,0,NA,NA,NA,0,NA,NA,NA,NA
"6_106740937",NA,NA,NA,NA,27,NA,NA,NA,0,NA,0,NA,NA,0,NA,NA,NA,0,NA,NA,0,NA,NA,NA,NA,NA,NA,0,NA,NA,NA,NA,NA
"8_132988310",NA,NA,NA,NA,NA,0,15,NA,NA,NA,NA,NA,0,NA,NA,NA,NA,0,0,NA,NA,NA,NA,NA,NA,NA,NA,NA,NA,NA,NA,0,NA
"10_92660338",NA,NA,0,NA,0,NA,0,NA,0,NA,NA,0,13,0,NA,NA,NA,10,16,NA,NA,NA,0,NA,NA,NA,NA,NA,NA,NA,NA,NA,NA
"11_6631711",0,NA,NA,0,NA,NA,0,0,NA,0,NA,NA,0,0,13,NA,NA,4,2,NA,NA,0,NA,NA,NA,NA,NA,NA,0,NA,NA,NA,NA
"11_130010337",NA,NA,NA,NA,0,0,6,0,0,NA,0,0,NA,NA,NA,NA,0,NA,8,NA,NA,NA,NA,NA,NA,NA,NA,NA,NA,NA,NA,NA,NA
"12_53298675",NA,NA,0,0,0,0,0,0,0,0,0,NA,0,NA,0,0,NA,0,0,NA,NA,NA,NA,NA,NA,NA,NA,NA,NA,NA,NA,NA,NA
"12_53298699",NA,NA,0,0,0,0,0,0,0,0,0,NA,0,NA,0,0,NA,0,0,NA,NA,NA,NA,NA,NA,NA,NA,NA,NA,NA,NA,NA,NA
"12_53298769",NA,NA,0,0,0,0,0,0,0,0,0,NA,0,NA,0,NA,NA,0,0,NA,NA,NA,NA,NA,NA,NA,NA,NA,NA,NA,NA,NA,NA
"14_31872155",NA,NA,NA,NA,0,NA,0,0,4,0,0,NA,NA,NA,NA,0,12,NA,NA,NA,NA,NA,NA,NA,NA,NA,NA,NA,NA,NA,NA,NA,0
"14_59014602",NA,NA,NA,16,NA,NA,NA,NA,NA,NA,NA,NA,0,NA,4,NA,NA,NA,NA,NA,0,NA,NA,NA,NA,NA,NA,0,NA,NA,NA,NA,NA
"16_29982865",NA,NA,9,NA,5,NA,1,0,NA,0,NA,NA,NA,0,29,0,8,0,1,NA,NA,0,NA,NA,NA,NA,NA,NA,NA,NA,NA,NA,NA
"22_41166839",NA,NA,2,NA,24,NA,NA,NA,NA,NA,NA,0,14,0,NA,NA,NA,NA,NA,0,NA,NA,NA,NA,NA,NA,NA,NA,NA,NA,NA,NA,NA
"X_53560335",NA,NA,6,23,1,0,19,8,NA,NA,0,0,0,0,0,NA,0,NA,10,0,NA,0,NA,NA,NA,NA,NA,NA,NA,NA,NA,0,NA
"MT_655",0,1,31,1,28,10,28,28,18,22,48,4,23,0,18,37,26,23,19,0,2,0,0,0,3,2,3,3,1,14,0,1,8
"MT_2602",33,23,147,165,155,161,156,167,150,119,163,4,174,6,138,176,136,178,125,2,13,0,16,14,17,2,11,13,15,100,39,5,53
"MT_14063",0,2,31,0,55,12,32,39,43,16,49,0,8,0,46,0,17,62,25,0,0,0,0,0,0,0,0,0,0,10,94,0,12
